,sample,stage,sequencing.batch,theiler,celltype,numerical_prior
AGATTCCTGTTCAG,17,E8.5,2,TS12,Erythroid2,1.0
TGACCGCTCAGATC,36,E8.5,3,TS12,Erythroid3,1.0
AATGAGGACTCCCA,17,E8.5,2,TS12,Blood progenitors 1,1.0
GCTGATGAAAGAGT,28,E8.25,2,TS12,Erythroid1,0.8
AAGCGTACGCATCA,36,E8.5,3,TS12,Erythroid3,1.0
TGACCGCTATCAGC,16,E8.0,2,TS12,Erythroid1,0.6
CACCGTTGACGACT,13,E7.75,2,TS11,Erythroid1,0.4
GAGTCTGACAATCG,33,E8.0,3,TS12,Blood progenitors 2,0.6
CTAAGGACATCAGC,34,E8.0,3,TS12,Blood progenitors 2,0.6
ACGTTACTGGTAAA,16,E8.0,2,TS12,Erythroid2,0.6
TAATGCCTGAGACG,29,E8.5,3,TS12,Erythroid3,1.0
GGGCCATGTGGTGT,13,E7.75,2,TS11,Erythroid1,0.4
GAGCGGCTCTCTAT,37,E8.5,3,TS12,Erythroid3,1.0
GCGGCAACTGCTTT,34,E8.0,3,TS12,Erythroid1,0.6
TTGAGGTGCCTAAG,16,E8.0,2,TS12,Erythroid2,0.6
TTCCTAGATACGCA-1,37,E8.5,3,TS12,Erythroid3,1.0
TCGCACTGGAGGTG,33,E8.0,3,TS12,Blood progenitors 2,0.6
CGGATAACTCGCCT,34,E8.0,3,TS12,Erythroid1,0.6
CCCAACTGTGGTGT,33,E8.0,3,TS12,Erythroid1,0.6
TCTAGACTAAGGCG,16,E8.0,2,TS12,Erythroid1,0.6
CTGAAGTGTTCACT,28,E8.25,2,TS12,Blood progenitors 2,0.8
TAGTCTTGTAGCGT,24,E8.25,2,TS12,Erythroid2,0.8
CATTCCCTATGTGC,28,E8.25,2,TS12,Erythroid1,0.8
TGGATGTGGAGACG,17,E8.5,2,TS12,Erythroid3,1.0
CTTAAAGAATCTCT,17,E8.5,2,TS12,Erythroid3,1.0
ACTTCTGATTCTAC,12,E7.75,2,TS11,Erythroid1,0.4
TCCTACCTAAGAGT,37,E8.5,3,TS12,Erythroid3,1.0
GTGAACACGACGAG,13,E7.75,2,TS11,Erythroid1,0.4
CTGAGAACGTTGCA,2,E7.5,1,TS11,Blood progenitors 2,0.2
AGTCGAACCGCATA,13,E7.75,2,TS11,Blood progenitors 2,0.4
AGCTGAACTCTGGA,36,E8.5,3,TS12,Erythroid3,1.0
ATTACCTGACCCTC,37,E8.5,3,TS12,Erythroid3,1.0
GGCCGATGGAGACG,29,E8.5,3,TS12,Erythroid2,1.0
CCTGCAACCTGGAT,25,E8.25,2,TS12,Erythroid1,0.8
GAATTAACTGACAC,34,E8.0,3,TS12,Blood progenitors 2,0.6
CGGCATCTGTGTAC,35,E8.0,3,TS12,Blood progenitors 2,0.6
CCGTAAGACTGCAA,29,E8.5,3,TS12,Erythroid3,1.0
GTCACAGACGGAGA,37,E8.5,3,TS12,Erythroid3,1.0
CTGAAGTGAAGAAC,16,E8.0,2,TS12,Erythroid2,0.6
CTCAGCACCTTCGC,37,E8.5,3,TS12,Erythroid3,1.0
GATCATCTATCTCT,35,E8.0,3,TS12,Erythroid1,0.6
CCCAGACTGCCATA,29,E8.5,3,TS12,Erythroid2,1.0
AAATTCGATCTCGC,25,E8.25,2,TS12,Erythroid2,0.8
CTACGCACACGGAG,13,E7.75,2,TS11,Erythroid1,0.4
GCAGATACTGGTAC,37,E8.5,3,TS12,Erythroid2,1.0
GCATGTGAGTCCTC,9,E7.75,1,TS11,Blood progenitors 2,0.4
CTACTATGAGAAGT,16,E8.0,2,TS12,Blood progenitors 2,0.6
TACCGAGAAAGATG,35,E8.0,3,TS12,Erythroid1,0.6
CCCTTACTGCAAGG,17,E8.5,2,TS12,Erythroid3,1.0
GGCCAGACTGCCTC,37,E8.5,3,TS12,Erythroid3,1.0
GATCCGCTGCGATT,34,E8.0,3,TS12,Blood progenitors 2,0.6
CATAAAACTTGTGG,36,E8.5,3,TS12,Erythroid2,1.0
GTTGACGATGCGTA,16,E8.0,2,TS12,Erythroid1,0.6
AGGTCATGGTTGTG,16,E8.0,2,TS12,Blood progenitors 2,0.6
CGCCGAGACGTGAT,36,E8.5,3,TS12,Blood progenitors 2,1.0
CTCAATTGGAGAGC,24,E8.25,2,TS12,Erythroid2,0.8
TATCCTGAAGCATC,16,E8.0,2,TS12,Erythroid1,0.6
CTTACATGAGTCGT,27,E7.25,2,TS10,Blood progenitors 1,0.0
ACCACCTGGAACTC,9,E7.75,1,TS11,Blood progenitors 2,0.4
GGCGCATGACACTG,37,E8.5,3,TS12,Erythroid3,1.0
TTAGTCACACCATG,24,E8.25,2,TS12,Blood progenitors 1,0.8
CAATTCACACCGAT,34,E8.0,3,TS12,Erythroid1,0.6
CCCGGAGAACCTGA,17,E8.5,2,TS12,Erythroid3,1.0
TCCGAGCTCTGTTT,29,E8.5,3,TS12,Erythroid3,1.0
TGCAAGACCGGGAA,12,E7.75,2,TS11,Erythroid1,0.4
ACGTAGACATTTCC,33,E8.0,3,TS12,Erythroid1,0.6
ATCACGGAACCTGA,28,E8.25,2,TS12,Blood progenitors 2,0.8
ATAACAACTATCTC,36,E8.5,3,TS12,Erythroid3,1.0
AACTCGGACCTCAC,24,E8.25,2,TS12,Erythroid2,0.8
CGACCACTGAACTC,9,E7.75,1,TS11,Blood progenitors 2,0.4
GCCTACACCCCTCA,35,E8.0,3,TS12,Blood progenitors 2,0.6
TGTGATCTGAAAGT,17,E8.5,2,TS12,Erythroid3,1.0
GGACGAGAACCCAA,33,E8.0,3,TS12,Erythroid1,0.6
AGAGTCTGATCTTC,29,E8.5,3,TS12,Erythroid3,1.0
TAGAGAGACCTTCG,29,E8.5,3,TS12,Erythroid3,1.0
AGTGAAGAGTGTCA,24,E8.25,2,TS12,Erythroid1,0.8
AAGGCTACGGTGGA,33,E8.0,3,TS12,Erythroid1,0.6
TGTAGGTGCTACTT,35,E8.0,3,TS12,Erythroid1,0.6
AACAAACTGTTCTT,6,E7.5,1,TS11,Blood progenitors 2,0.2
CTAGTTTGCCGAAT,36,E8.5,3,TS12,Erythroid3,1.0
TGACCGCTCTTCCG,33,E8.0,3,TS12,Blood progenitors 1,0.6
GAAACAGATCGTAG,34,E8.0,3,TS12,Erythroid1,0.6
TATAGCCTAGCAAA,36,E8.5,3,TS12,Erythroid3,1.0
ATAAGTACGGAAGC,36,E8.5,3,TS12,Erythroid3,1.0
TACCGAGAGTTTCT,34,E8.0,3,TS12,Blood progenitors 2,0.6
GACAGGGATTTCAC,33,E8.0,3,TS12,Blood progenitors 2,0.6
ATACCACTACCATG,25,E8.25,2,TS12,Erythroid2,0.8
CATTTGACAGCGTT,29,E8.5,3,TS12,Erythroid2,1.0
CATTTGTGGAACTC,17,E8.5,2,TS12,Erythroid3,1.0
CGACCTACCTGTGA,35,E8.0,3,TS12,Erythroid1,0.6
ACACGTGACCCTCA,37,E8.5,3,TS12,Erythroid3,1.0
CTGTATACTCAGAC,16,E8.0,2,TS12,Erythroid1,0.6
GGACAGGACTTCTA,24,E8.25,2,TS12,Erythroid2,0.8
CGGTAAACCACTGA,16,E8.0,2,TS12,Erythroid1,0.6
CCACTGTGACGGAG,24,E8.25,2,TS12,Erythroid2,0.8
AAGGCTACCTCGAA,16,E8.0,2,TS12,Erythroid2,0.6
GGGAACGATAGACC,33,E8.0,3,TS12,Erythroid1,0.6
GGACAGGAGTTGAC,19,E7.5,2,TS11,Blood progenitors 1,0.2
CCAGCACTGTTTCT,29,E8.5,3,TS12,Erythroid3,1.0
AGTTATGACCAGTA,16,E8.0,2,TS12,Erythroid1,0.6
GTACGAACGCTATG,25,E8.25,2,TS12,Erythroid1,0.8
CACTCTCTGTCTTT,36,E8.5,3,TS12,Erythroid3,1.0
GCTTGAGAATGCTG,9,E7.75,1,TS11,Blood progenitors 2,0.4
GCTGATGAGAGGTG,33,E8.0,3,TS12,Blood progenitors 2,0.6
AACGGTTGCGCTAA,17,E8.5,2,TS12,Erythroid3,1.0
ATGTTGCTTCTTAC,33,E8.0,3,TS12,Blood progenitors 1,0.6
ATAGATACGGACTT,34,E8.0,3,TS12,Erythroid1,0.6
ATCAGGTGCTGTGA,33,E8.0,3,TS12,Blood progenitors 2,0.6
GACAGGGATCTTTG,36,E8.5,3,TS12,Erythroid3,1.0
GTCCACTGCAGAAA,36,E8.5,3,TS12,Erythroid3,1.0
ACCTCGTGAGCGTT,33,E8.0,3,TS12,Erythroid1,0.6
AACGGTTGCCCACT-1,20,E7.5,2,TS11,Blood progenitors 1,0.2
ATCAACCTACAGCT,3,E7.5,1,TS11,Blood progenitors 1,0.2
TGCACAGAAGTTCG,19,E7.5,2,TS11,Blood progenitors 2,0.2
GTGTCAGAGTTGCA,13,E7.75,2,TS11,Blood progenitors 2,0.4
GTAGCCCTATTCGG,13,E7.75,2,TS11,Erythroid1,0.4
ATGTCGGAACACCA,12,E7.75,2,TS11,Blood progenitors 2,0.4
CACGAAACATCTCT,24,E8.25,2,TS12,Blood progenitors 1,0.8
TACGCAGACCCTCA,36,E8.5,3,TS12,Erythroid3,1.0
CGGCGAACGGTGTT,17,E8.5,2,TS12,Blood progenitors 2,1.0
CTCAGCTGTTCCAT,33,E8.0,3,TS12,Blood progenitors 2,0.6
AAACGCACTCACGA,12,E7.75,2,TS11,Erythroid1,0.4
TAGCCGCTGTACGT,16,E8.0,2,TS12,Erythroid1,0.6
GTTGAGTGCCACAA,12,E7.75,2,TS11,Blood progenitors 2,0.4
GGAAGGACTTGGTG,34,E8.0,3,TS12,Blood progenitors 2,0.6
ACGCAATGGTTTCT,16,E8.0,2,TS12,Blood progenitors 2,0.6
CCACCATGGGCAAG,16,E8.0,2,TS12,Blood progenitors 1,0.6
TTAGTCTGGGGAGT,8,E7.75,1,TS11,Blood progenitors 1,0.4
GCTAGATGAGAACA,25,E8.25,2,TS12,Erythroid3,0.8
GTCATACTAGTGTC,12,E7.75,2,TS11,Erythroid1,0.4
GAGATCACGATAGA,24,E8.25,2,TS12,Erythroid2,0.8
CGATAGACTGTAGC,17,E8.5,2,TS12,Blood progenitors 2,1.0
CATGCCACTAAGGA,17,E8.5,2,TS12,Erythroid3,1.0
AGAACGCTTCCGTC,9,E7.75,1,TS11,Blood progenitors 1,0.4
ATACCGGAACTACG,12,E7.75,2,TS11,Blood progenitors 2,0.4
GTCCCATGGGTTAC,12,E7.75,2,TS11,Erythroid1,0.4
TGACACGAGTCGTA,9,E7.75,1,TS11,Blood progenitors 2,0.4
ATAGTCCTGGGAGT,36,E8.5,3,TS12,Erythroid3,1.0
TCCCTACTGGGCAA,12,E7.75,2,TS11,Erythroid1,0.4
TACTAAGATCCAAG,29,E8.5,3,TS12,Erythroid3,1.0
CATTACACGCTGAT,13,E7.75,2,TS11,Erythroid1,0.4
GACGAACTAACGTC,37,E8.5,3,TS12,Erythroid3,1.0
GGATTGTGACCGAT,24,E8.25,2,TS12,Blood progenitors 2,0.8
GATCGTGAGTCGTA,12,E7.75,2,TS11,Blood progenitors 2,0.4
TAGAATACATTCGG,35,E8.0,3,TS12,Erythroid1,0.6
TGTAATGATCTCCG,37,E8.5,3,TS12,Erythroid3,1.0
CGACAAACAACAGA,29,E8.5,3,TS12,Erythroid3,1.0
CGTGATGAGTTTGG,36,E8.5,3,TS12,Erythroid3,1.0
TCAGGATGGTGTTG,36,E8.5,3,TS12,Erythroid3,1.0
ACTCCTCTCTGATG,24,E8.25,2,TS12,Erythroid2,0.8
CTGCAGCTCTCTTA,33,E8.0,3,TS12,Erythroid1,0.6
TAAGCGTGATCGAC,13,E7.75,2,TS11,Erythroid1,0.4
CCCGGAGAGCTCCT,29,E8.5,3,TS12,Erythroid3,1.0
CGTCCAACGGGATG,33,E8.0,3,TS12,Erythroid1,0.6
GACCATGAGCTGTA,16,E8.0,2,TS12,Blood progenitors 2,0.6
ACTTGTACTCGCTC,34,E8.0,3,TS12,Erythroid1,0.6
CCCTACGATCCGTC,34,E8.0,3,TS12,Erythroid1,0.6
GTTACTACTGAGGG,12,E7.75,2,TS11,Blood progenitors 2,0.4
TAAGCTCTGAATAG,34,E8.0,3,TS12,Blood progenitors 2,0.6
TTCAGTACGGTAAA,12,E7.75,2,TS11,Blood progenitors 2,0.4
TCGGTAGAGAGGTG,35,E8.0,3,TS12,Blood progenitors 2,0.6
ACAATCCTCTCCCA,35,E8.0,3,TS12,Blood progenitors 2,0.6
CGCAACCTATCGAC,36,E8.5,3,TS12,Erythroid3,1.0
AATTACGAGAAAGT,16,E8.0,2,TS12,Blood progenitors 2,0.6
GTTAACCTCGAGTT,26,E7.25,2,TS10,Blood progenitors 1,0.0
CGGCGAACCAGATC,37,E8.5,3,TS12,Erythroid1,1.0
AGTGCAACGCGAGA,28,E8.25,2,TS12,Blood progenitors 1,0.8
GACGATTGTGGCAT,12,E7.75,2,TS11,Blood progenitors 2,0.4
CCAACCTGACCTCC,36,E8.5,3,TS12,Erythroid2,1.0
ATCCATACACGACT,34,E8.0,3,TS12,Blood progenitors 2,0.6
AGTACTCTGGGTGA,12,E7.75,2,TS11,Blood progenitors 2,0.4
AGTAGAGATACGCA,33,E8.0,3,TS12,Blood progenitors 2,0.6
AATCTCTGTGCTGA,25,E8.25,2,TS12,Erythroid3,0.8
ATGAAGGAGTTGGT,29,E8.5,3,TS12,Erythroid3,1.0
ACCGCGGACCTTAT,19,E7.5,2,TS11,Blood progenitors 2,0.2
TTCTAGTGCGTTAG,28,E8.25,2,TS12,Erythroid3,0.8
AGAACGCTTGGTTG,9,E7.75,1,TS11,Erythroid1,0.4
AAATCTGATGCGTA,29,E8.5,3,TS12,Erythroid3,1.0
ATTCGGGAAGAAGT,37,E8.5,3,TS12,Erythroid3,1.0
TAATGAACGCCTTC,35,E8.0,3,TS12,Blood progenitors 2,0.6
TTCATCGATCACCC,9,E7.75,1,TS11,Blood progenitors 2,0.4
TGGGTATGAAGCCT,37,E8.5,3,TS12,Erythroid3,1.0
TTGATCTGGATGAA,29,E8.5,3,TS12,Erythroid3,1.0
ACACCAGAGAAACA,19,E7.5,2,TS11,Blood progenitors 1,0.2
GTTGACGACAACTG,16,E8.0,2,TS12,Erythroid2,0.6
GAAGCGGAGGAGCA,36,E8.5,3,TS12,Erythroid3,1.0
TGGTCAGAGGTGGA,24,E8.25,2,TS12,Erythroid2,0.8
CGTGATGATCGCTC,36,E8.5,3,TS12,Erythroid3,1.0
GCGGAGCTCTCCAC,33,E8.0,3,TS12,Blood progenitors 2,0.6
CCAGTCTGAGGCGA,8,E7.75,1,TS11,Blood progenitors 2,0.4
ATTGTCTGAGAATG,36,E8.5,3,TS12,Erythroid3,1.0
GACATTCTGTAGCT,8,E7.75,1,TS11,Blood progenitors 2,0.4
CCAGTGCTACGTAC,34,E8.0,3,TS12,Erythroid1,0.6
CGCAAATGCATGGT,16,E8.0,2,TS12,Erythroid1,0.6
CGCGGATGCCGAAT,16,E8.0,2,TS12,Erythroid1,0.6
GGATTGTGTCTTCA,13,E7.75,2,TS11,Erythroid1,0.4
TGGTAGACTAGTCG,36,E8.5,3,TS12,Erythroid3,1.0
ATACCTTGTGAGCT,25,E8.25,2,TS12,Erythroid2,0.8
CTCCTACTTAGACC,29,E8.5,3,TS12,Erythroid3,1.0
AATCTCTGCCTGAA,29,E8.5,3,TS12,Erythroid2,1.0
CTTCATGAGAATGA,29,E8.5,3,TS12,Erythroid3,1.0
TGCTGAGAGCTGTA,35,E8.0,3,TS12,Erythroid1,0.6
TGGAAAGACGTACA,34,E8.0,3,TS12,Blood progenitors 2,0.6
AGACCTGACCTCCA,35,E8.0,3,TS12,Erythroid1,0.6
TATCCTGAAAGGGC,12,E7.75,2,TS11,Erythroid1,0.4
ACCCAGCTTCAGTG,8,E7.75,1,TS11,Blood progenitors 1,0.4
GAGTGGGAAAGGTA,29,E8.5,3,TS12,Erythroid3,1.0
TGACGCCTAGATGA,37,E8.5,3,TS12,Blood progenitors 2,1.0
AGTAATTGGCGTAT,17,E8.5,2,TS12,Erythroid3,1.0
CTCATTGACTGGAT,19,E7.5,2,TS11,Blood progenitors 2,0.2
CCCTTACTTTCATC,16,E8.0,2,TS12,Blood progenitors 2,0.6
GTTAGGTGAAGGGC,28,E8.25,2,TS12,Erythroid1,0.8
CTTCATGATCGTAG,25,E8.25,2,TS12,Erythroid1,0.8
GGTGGAGAGAGGGT,9,E7.75,1,TS11,Blood progenitors 2,0.4
AAAGAGACAACCAC,16,E8.0,2,TS12,Erythroid1,0.6
GCTCGACTACTTTC,13,E7.75,2,TS11,Blood progenitors 2,0.4
ATATAGTGTCCTAT,28,E8.25,2,TS12,Erythroid1,0.8
CAGAGGGAGGAAGC,36,E8.5,3,TS12,Erythroid2,1.0
ACTGTTACGGTAAA,34,E8.0,3,TS12,Erythroid1,0.6
ATAGTTGACTGACA,29,E8.5,3,TS12,Erythroid3,1.0
GTCACAGATCGCTC,28,E8.25,2,TS12,Blood progenitors 2,0.8
TCAACACTCTGATG,37,E8.5,3,TS12,Erythroid2,1.0
TAATGCCTACACCA,37,E8.5,3,TS12,Erythroid3,1.0
CCATGCTGACTCAG,13,E7.75,2,TS11,Erythroid1,0.4
ATCGCGCTCATACG,36,E8.5,3,TS12,Erythroid1,1.0
TGGTAGTGGCAAGG,24,E8.25,2,TS12,Erythroid3,0.8
GGAGGTGAATGTCG,16,E8.0,2,TS12,Erythroid1,0.6
GTCCCATGGAATCC,25,E8.25,2,TS12,Erythroid2,0.8
GACAACACCTCCCA,36,E8.5,3,TS12,Erythroid2,1.0
ACCAACGAGACGTT,24,E8.25,2,TS12,Erythroid2,0.8
ACGACAACAAAAGC,19,E7.5,2,TS11,Blood progenitors 2,0.2
TCCTACCTGTGTCA,29,E8.5,3,TS12,Erythroid3,1.0
CGTGAATGTGCTCC,17,E8.5,2,TS12,Erythroid3,1.0
CGTACCACCCTCGT,16,E8.0,2,TS12,Erythroid1,0.6
CGTCCAACCGAACT,36,E8.5,3,TS12,Erythroid3,1.0
GGACCGTGGAACCT,34,E8.0,3,TS12,Blood progenitors 2,0.6
TGGATCGAGTATCG,37,E8.5,3,TS12,Erythroid3,1.0
TACACACTTGAGAA,24,E8.25,2,TS12,Erythroid1,0.8
AGCAAAGATACGCA,16,E8.0,2,TS12,Erythroid2,0.6
AGCCAATGTCATTC,36,E8.5,3,TS12,Erythroid2,1.0
TCCTAAACGTAAAG,12,E7.75,2,TS11,Erythroid1,0.4
GGGCAGCTTGGTCA,36,E8.5,3,TS12,Erythroid3,1.0
ACGATCGACCCGTT,33,E8.0,3,TS12,Blood progenitors 2,0.6
CGAGGGCTCGACTA,25,E8.25,2,TS12,Erythroid1,0.8
TCTTACGAGAATAG,37,E8.5,3,TS12,Erythroid3,1.0
AGCATCGAGTCGTA,16,E8.0,2,TS12,Erythroid2,0.6
CTTACATGTAAGGA,35,E8.0,3,TS12,Erythroid1,0.6
ACCCGTTGTATTCC,16,E8.0,2,TS12,Erythroid2,0.6
GACTGTGAGCAGTT,13,E7.75,2,TS11,Erythroid1,0.4
ATATACGAATCACG,24,E8.25,2,TS12,Erythroid2,0.8
CATGCGCTGCATAC,37,E8.5,3,TS12,Erythroid2,1.0
ACGCCTTGAAGAGT,36,E8.5,3,TS12,Erythroid3,1.0
AACACTCTTCGCAA,37,E8.5,3,TS12,Erythroid3,1.0
TGTATCTGACTCTT,17,E8.5,2,TS12,Erythroid3,1.0
CTAACACTATTTCC,8,E7.75,1,TS11,Blood progenitors 1,0.4
AGTTTAGACCCGTT,25,E8.25,2,TS12,Erythroid1,0.8
GCCGTACTTCCCGT,37,E8.5,3,TS12,Erythroid3,1.0
GACGCTCTCTATTC,33,E8.0,3,TS12,Erythroid1,0.6
CAGAGGGACAGTCA,25,E8.25,2,TS12,Erythroid2,0.8
TGCCCAACTACGAC,16,E8.0,2,TS12,Erythroid1,0.6
ATTGTCTGCGACAT,37,E8.5,3,TS12,Erythroid2,1.0
CAAGACTGCGGGAA,29,E8.5,3,TS12,Erythroid3,1.0
CAGCAATGGACGAG,16,E8.0,2,TS12,Erythroid1,0.6
TGATTCTGTCAGGT,37,E8.5,3,TS12,Erythroid3,1.0
GGCCAGACAGATCC,12,E7.75,2,TS11,Blood progenitors 2,0.4
CATGTTTGCTTTAC,8,E7.75,1,TS11,Blood progenitors 2,0.4
TACACACTATAAGG,24,E8.25,2,TS12,Erythroid1,0.8
CCGATAGAACACGT,37,E8.5,3,TS12,Erythroid3,1.0
TAAATCGATTACTC,29,E8.5,3,TS12,Erythroid2,1.0
GTTCAACTTGGCAT,35,E8.0,3,TS12,Blood progenitors 2,0.6
TCGACCTGAGAATG,24,E8.25,2,TS12,Erythroid1,0.8
ATGGGTACCTGTGA,29,E8.5,3,TS12,Erythroid3,1.0
GGCTCACTGTGTAC,28,E8.25,2,TS12,Erythroid1,0.8
CAGCTAGAGTTTGG,37,E8.5,3,TS12,Erythroid3,1.0
ACAGACACGAGCTT,28,E8.25,2,TS12,Erythroid1,0.8
GCCACGGAGTTCTT,16,E8.0,2,TS12,Erythroid1,0.6
CGTACAGATCCGAA,6,E7.5,1,TS11,Blood progenitors 2,0.2
AGTTATGAGCAGTT,37,E8.5,3,TS12,Erythroid3,1.0
GTAAGCACACAGTC,24,E8.25,2,TS12,Erythroid2,0.8
CAGCATGATTGACG,35,E8.0,3,TS12,Erythroid1,0.6
TAGGTGTGCCGAAT,25,E8.25,2,TS12,Erythroid1,0.8
CCCGATTGAACGTC,16,E8.0,2,TS12,Erythroid1,0.6
CATTTGTGGGCGAA,12,E7.75,2,TS11,Erythroid1,0.4
AACGTCGACTTGAG,29,E8.5,3,TS12,Erythroid3,1.0
CCAGTGCTGCAAGG,17,E8.5,2,TS12,Erythroid3,1.0
CAACGAACGTTCTT,37,E8.5,3,TS12,Erythroid3,1.0
GCTATACTCTGTGA,17,E8.5,2,TS12,Erythroid3,1.0
CCAGCTACGGACGA,9,E7.75,1,TS11,Blood progenitors 2,0.4
GTGAGGGAGTTAGC,17,E8.5,2,TS12,Blood progenitors 2,1.0
GACCAAACGGACGA,24,E8.25,2,TS12,Erythroid1,0.8
TCTAGACTGTGCAT,29,E8.5,3,TS12,Erythroid3,1.0
GCAATCGATATTCC,28,E8.25,2,TS12,Erythroid1,0.8
AGTCTACTGTGTCA,29,E8.5,3,TS12,Erythroid3,1.0
GAACACACCCCTCA,16,E8.0,2,TS12,Erythroid1,0.6
GGATGTTGAGAATG,25,E8.25,2,TS12,Erythroid2,0.8
ACCGTGCTCAGGAG,9,E7.75,1,TS11,Blood progenitors 2,0.4
ATAGCGTGTAAGCC,35,E8.0,3,TS12,Blood progenitors 2,0.6
ACGTTACTTGCAGT,36,E8.5,3,TS12,Erythroid3,1.0
TTAGGTCTTCCTTA,17,E8.5,2,TS12,Erythroid3,1.0
CGACCTACAGCTAC,36,E8.5,3,TS12,Erythroid3,1.0
TCACTATGTTGTGG,25,E8.25,2,TS12,Erythroid1,0.8
GAGGGCCTCGTGAT,16,E8.0,2,TS12,Erythroid1,0.6
TCGAGAACAAGGGC,19,E7.5,2,TS11,Blood progenitors 1,0.2
CCCTACGACTACTT,34,E8.0,3,TS12,Erythroid1,0.6
AGGTTCGAAGCGGA,12,E7.75,2,TS11,Erythroid1,0.4
ATCTGACTCTTTAC,16,E8.0,2,TS12,Blood progenitors 2,0.6
ACGATGACTTCACT,25,E8.25,2,TS12,Erythroid1,0.8
ATCTACACGAATCC,24,E8.25,2,TS12,Erythroid1,0.8
GCATGTGATACTCT,36,E8.5,3,TS12,Erythroid3,1.0
TAAGAGGAATTCCT,24,E8.25,2,TS12,Erythroid1,0.8
ATACCGGACATCAG,33,E8.0,3,TS12,Blood progenitors 2,0.6
AATCCGGACTTGTT,12,E7.75,2,TS11,Blood progenitors 2,0.4
TGTCAGGAAACCGT,24,E8.25,2,TS12,Erythroid1,0.8
GACTACGAGTTCAG,37,E8.5,3,TS12,Erythroid3,1.0
GCTCACTGGAGGAC,25,E8.25,2,TS12,Erythroid2,0.8
TGTGAGTGTGCACA,34,E8.0,3,TS12,Blood progenitors 2,0.6
CACCCATGTCAGGT,17,E8.5,2,TS12,Erythroid3,1.0
AGTCACGAACTTTC,12,E7.75,2,TS11,Erythroid1,0.4
GGAGCGCTAAACGA,16,E8.0,2,TS12,Erythroid1,0.6
TCAGGATGGAAACA,24,E8.25,2,TS12,Erythroid2,0.8
CACCCATGCCAGTA,29,E8.5,3,TS12,Erythroid3,1.0
GTGTGATGCGGAGA,16,E8.0,2,TS12,Erythroid1,0.6
GTGAGGGAGCTGTA,13,E7.75,2,TS11,Erythroid1,0.4
GAATGGCTGCCTTC,29,E8.5,3,TS12,Erythroid3,1.0
TCTAGACTGTGTCA,16,E8.0,2,TS12,Erythroid1,0.6
CATTCCCTTTTGCT,37,E8.5,3,TS12,Erythroid3,1.0
ACTTAGCTCTGTAG,19,E7.5,2,TS11,Blood progenitors 1,0.2
AGCTTACTACCACA,24,E8.25,2,TS12,Erythroid2,0.8
GAAGTCTGCGGAGA,9,E7.75,1,TS11,Blood progenitors 2,0.4
GCACGGTGGCCTTC,16,E8.0,2,TS12,Erythroid1,0.6
AGTAGAGAATCAGC,17,E8.5,2,TS12,Erythroid3,1.0
GCTAGATGGTTACG,16,E8.0,2,TS12,Erythroid1,0.6
ATACCTTGGAGGTG,33,E8.0,3,TS12,Erythroid1,0.6
ACCTATTGGCATCA,16,E8.0,2,TS12,Erythroid1,0.6
GGATTTCTCCAAGT,16,E8.0,2,TS12,Erythroid1,0.6
CTTGAGGAAAGCCT,36,E8.5,3,TS12,Erythroid3,1.0
AAATCATGTGTGAC,29,E8.5,3,TS12,Erythroid3,1.0
ACGACAACCGTTAG,29,E8.5,3,TS12,Erythroid3,1.0
GTGTATCTTACTTC,16,E8.0,2,TS12,Erythroid1,0.6
CTCCATCTACAGCT,12,E7.75,2,TS11,Erythroid1,0.4
GGCTAATGCAGGAG,8,E7.75,1,TS11,Blood progenitors 2,0.4
ATCGTTTGTCGATG,36,E8.5,3,TS12,Erythroid3,1.0
TAGAATTGACAGCT,37,E8.5,3,TS12,Erythroid3,1.0
TGCCCAACCCTGAA,16,E8.0,2,TS12,Erythroid1,0.6
TAAGATTGCCACAA,19,E7.5,2,TS11,Blood progenitors 1,0.2
GCGCATCTCTTGTT,12,E7.75,2,TS11,Erythroid1,0.4
GCAGGGCTATCTCT,13,E7.75,2,TS11,Erythroid1,0.4
CCCAGTTGAAAGTG,33,E8.0,3,TS12,Blood progenitors 2,0.6
TTACGTACAGCCAT,29,E8.5,3,TS12,Erythroid3,1.0
CTCAGCTGCACTAG,33,E8.0,3,TS12,Erythroid1,0.6
ACACATCTTGTCGA,36,E8.5,3,TS12,Erythroid3,1.0
TTGTAGCTTACTCT,37,E8.5,3,TS12,Blood progenitors 2,1.0
ATCGCGCTTACGAC,24,E8.25,2,TS12,Erythroid1,0.8
CCATGCTGAACAGA,9,E7.75,1,TS11,Blood progenitors 2,0.4
ACGGAGGATAAGGA,12,E7.75,2,TS11,Erythroid1,0.4
ATCTGTTGCCTTAT,35,E8.0,3,TS12,Erythroid1,0.6
TTCACCCTACTGTG,25,E8.25,2,TS12,Blood progenitors 2,0.8
AACACTCTAGTAGA,19,E7.5,2,TS11,Blood progenitors 1,0.2
AGTTATGAAAGGGC,13,E7.75,2,TS11,Erythroid1,0.4
CCGCGAGATCTACT,36,E8.5,3,TS12,Blood progenitors 1,1.0
TAGACGTGCAGTTG,29,E8.5,3,TS12,Erythroid3,1.0
CTCGACTGGGTAGG,17,E8.5,2,TS12,Erythroid3,1.0
ACAGGTACGCCAAT,25,E8.25,2,TS12,Erythroid1,0.8
AGGCTAACTGGAAA,29,E8.5,3,TS12,Erythroid3,1.0
GCACCTACAACGTC,25,E8.25,2,TS12,Erythroid2,0.8
TAGGACTGGGTAGG,25,E8.25,2,TS12,Erythroid1,0.8
AAGGTGCTTTTCAC,20,E7.5,2,TS11,Blood progenitors 2,0.2
TAACAATGAACCTG,28,E8.25,2,TS12,Blood progenitors 1,0.8
CGAGCGTGGAGCAG,28,E8.25,2,TS12,Blood progenitors 1,0.8
CTAACGGAAGAATG,33,E8.0,3,TS12,Blood progenitors 1,0.6
CATTTCGATCCTAT,3,E7.5,1,TS11,Blood progenitors 2,0.2
CTAGAGACTCGCAA,24,E8.25,2,TS12,Erythroid1,0.8
CGCACGGAGCAAGG,36,E8.5,3,TS12,Erythroid3,1.0
GCGGCAACTAACGC,37,E8.5,3,TS12,Erythroid3,1.0
CCGCGAGATGACTG,28,E8.25,2,TS12,Erythroid1,0.8
GCCAAATGGGTGGA,34,E8.0,3,TS12,Blood progenitors 2,0.6
TTGAATGACTCTCG,29,E8.5,3,TS12,Erythroid3,1.0
TACTACTGACAGCT,16,E8.0,2,TS12,Erythroid1,0.6
CGTGCACTGCTGTA,12,E7.75,2,TS11,Erythroid1,0.4
AGCCACCTTAGAGA,16,E8.0,2,TS12,Erythroid1,0.6
GTTAGGTGTAAGCC,17,E8.5,2,TS12,Erythroid3,1.0
TGCTTAACGTAGGG,29,E8.5,3,TS12,Erythroid2,1.0
CACTTTGAGGTTAC,25,E8.25,2,TS12,Erythroid2,0.8
ACGTTTACCAGCTA,24,E8.25,2,TS12,Erythroid2,0.8
TTCAACACTGTTCT,25,E8.25,2,TS12,Erythroid1,0.8
CCAGTGCTTTCGTT,24,E8.25,2,TS12,Erythroid2,0.8
AAGGCTTGTCCAGA,12,E7.75,2,TS11,Erythroid1,0.4
GAGTAAGACTGAGT,13,E7.75,2,TS11,Blood progenitors 2,0.4
CACGAAACTTGCAG,35,E8.0,3,TS12,Erythroid1,0.6
CGAGTATGCTTCCG,8,E7.75,1,TS11,Blood progenitors 1,0.4
CTGGAAACTGTAGC,36,E8.5,3,TS12,Erythroid3,1.0
AAGTATACTGTCCC,17,E8.5,2,TS12,Erythroid3,1.0
TTTCGAACTCCTAT,36,E8.5,3,TS12,Erythroid3,1.0
ACACGAACGAGGCA,17,E8.5,2,TS12,Erythroid3,1.0
GTACGAACCCTCAC,29,E8.5,3,TS12,Blood progenitors 2,1.0
CTCAGCACAGAGTA,13,E7.75,2,TS11,Blood progenitors 2,0.4
GATGCAACACGTTG,33,E8.0,3,TS12,Blood progenitors 2,0.6
CGACTGCTTGCCAA,12,E7.75,2,TS11,Erythroid2,0.4
GTAACGTGGCCTTC,36,E8.5,3,TS12,Erythroid2,1.0
GAGATAGACACAAC,35,E8.0,3,TS12,Erythroid1,0.6
TTCATGTGCCCTAC,16,E8.0,2,TS12,Erythroid1,0.6
AGACTTCTACTCAG,17,E8.5,2,TS12,Erythroid3,1.0
TCAGACGACATTGG,12,E7.75,2,TS11,Blood progenitors 2,0.4
ATGGTGACGCGAAG,13,E7.75,2,TS11,Erythroid1,0.4
AACGTTCTTCCCAC,25,E8.25,2,TS12,Erythroid3,0.8
CTCCGAACATTCGG,8,E7.75,1,TS11,Blood progenitors 2,0.4
CGTCCATGGAAACA,33,E8.0,3,TS12,Blood progenitors 2,0.6
GTGACAACCAAAGA,24,E8.25,2,TS12,Erythroid2,0.8
CCAGTGCTTCTTCA,24,E8.25,2,TS12,Erythroid1,0.8
ACAATAACTGAACC,33,E8.0,3,TS12,Erythroid1,0.6
GAGTAAGACCAGTA,37,E8.5,3,TS12,Erythroid3,1.0
ATAACAACAATCGC,37,E8.5,3,TS12,Erythroid3,1.0
TTCATCGAACTTTC,24,E8.25,2,TS12,Erythroid1,0.8
GCGTAAACTCCAGA,24,E8.25,2,TS12,Erythroid1,0.8
CACACCTGGGCATT,25,E8.25,2,TS12,Erythroid3,0.8
GTGTATCTTGCCTC,9,E7.75,1,TS11,Blood progenitors 2,0.4
AGGACACTAGAGGC,19,E7.5,2,TS11,Blood progenitors 2,0.2
TCCCTACTGTTGTG,34,E8.0,3,TS12,Erythroid1,0.6
AGCCGGACGGAGTG,24,E8.25,2,TS12,Erythroid1,0.8
ATCGACGAGGTTTG,37,E8.5,3,TS12,Erythroid3,1.0
GGGAAGTGACGCAT,36,E8.5,3,TS12,Erythroid3,1.0
AGATCTCTCCTTGC,13,E7.75,2,TS11,Blood progenitors 2,0.4
CTGAGAACTGACAC,16,E8.0,2,TS12,Erythroid2,0.6
GGGACCACCAGTCA,29,E8.5,3,TS12,Erythroid3,1.0
GTAGCATGTACTGG,16,E8.0,2,TS12,Erythroid2,0.6
CTTAACACTCAGGT,33,E8.0,3,TS12,Erythroid1,0.6
CCAATTTGTTTCAC,37,E8.5,3,TS12,Erythroid3,1.0
CACTCTCTCGACTA,17,E8.5,2,TS12,Erythroid3,1.0
AAGTAGGATAGTCG,24,E8.25,2,TS12,Blood progenitors 2,0.8
ACACAGACTCTCGC,34,E8.0,3,TS12,Erythroid1,0.6
CACGGGACCTAAGC,34,E8.0,3,TS12,Blood progenitors 2,0.6
ACTGAGACAGCCTA,9,E7.75,1,TS11,Blood progenitors 1,0.4
TCTACAACGTAAAG,8,E7.75,1,TS11,Blood progenitors 2,0.4
AACGCATGAAGAGT,37,E8.5,3,TS12,Erythroid3,1.0
GTCGCACTTACGAC,12,E7.75,2,TS11,Blood progenitors 2,0.4
TCAATCACGAATGA,36,E8.5,3,TS12,Erythroid3,1.0
CTTAAGCTGGATCT,33,E8.0,3,TS12,Blood progenitors 2,0.6
ATCTTGACTTTGGG,36,E8.5,3,TS12,Erythroid3,1.0
TAGTATGACCTACC,13,E7.75,2,TS11,Erythroid1,0.4
AGGTTCGATTCAGG,29,E8.5,3,TS12,Erythroid3,1.0
CGTGATGACTTCTA,37,E8.5,3,TS12,Erythroid3,1.0
ACGACCCTAGCGTT,16,E8.0,2,TS12,Erythroid1,0.6
CTAAGGTGTTCGTT,9,E7.75,1,TS11,Blood progenitors 2,0.4
TACGAGACGTTGAC,34,E8.0,3,TS12,Blood progenitors 1,0.6
CAGTTACTAGAGTA,29,E8.5,3,TS12,Erythroid3,1.0
GACGAACTTGCAAC,28,E8.25,2,TS12,Blood progenitors 2,0.8
TACCGCTGCGTAAC,16,E8.0,2,TS12,Erythroid1,0.6
TAGGCTGAGAGGGT,25,E8.25,2,TS12,Erythroid1,0.8
CGCGGATGGTTAGC,37,E8.5,3,TS12,Erythroid3,1.0
GCACGTCTCCCTTG,13,E7.75,2,TS11,Erythroid1,0.4
GTCCACTGAAACAG,33,E8.0,3,TS12,Blood progenitors 2,0.6
ATAGCGTGCCAAGT,16,E8.0,2,TS12,Blood progenitors 2,0.6
CGCTACACGCTGAT,25,E8.25,2,TS12,Erythroid2,0.8
AATCCTACTTTGCT,33,E8.0,3,TS12,Erythroid1,0.6
TTGACACTGTGCAT,16,E8.0,2,TS12,Blood progenitors 2,0.6
CTCTAATGCCGCTT,36,E8.5,3,TS12,Erythroid3,1.0
AAATTCGATATTCC,36,E8.5,3,TS12,Erythroid3,1.0
GGACCTCTCAGAAA,24,E8.25,2,TS12,Erythroid2,0.8
TGATAAACAGAAGT,25,E8.25,2,TS12,Erythroid2,0.8
TATCAGCTTGTGGT,37,E8.5,3,TS12,Erythroid3,1.0
ACTGAGACGCAAGG,36,E8.5,3,TS12,Erythroid3,1.0
ATCATGCTGAAGGC,16,E8.0,2,TS12,Erythroid2,0.6
TTGGGAACCTTACT,13,E7.75,2,TS11,Blood progenitors 2,0.4
TGAGACACTATGCG,29,E8.5,3,TS12,Erythroid3,1.0
CACTTAACTGGTGT,16,E8.0,2,TS12,Erythroid1,0.6
TGTGAGTGTTTCGT,28,E8.25,2,TS12,Blood progenitors 2,0.8
GGACCGTGGACAAA,37,E8.5,3,TS12,Erythroid3,1.0
CGAAGACTCTTATC,25,E8.25,2,TS12,Erythroid1,0.8
ATTATGGACTTGTT,36,E8.5,3,TS12,Erythroid3,1.0
ATTTAGGATACTTC,25,E8.25,2,TS12,Erythroid2,0.8
TGAGCAACCTGAGT,33,E8.0,3,TS12,Erythroid1,0.6
GCTCCATGGTACAC,8,E7.75,1,TS11,Erythroid1,0.4
ACCTGAGACTGTCC,12,E7.75,2,TS11,Erythroid1,0.4
CATGCGCTACTGGT,16,E8.0,2,TS12,Erythroid1,0.6
AGCGTAACCAACCA,17,E8.5,2,TS12,Erythroid3,1.0
TTCCATGACTTGCC,17,E8.5,2,TS12,Erythroid3,1.0
AGATATACATTCCT,16,E8.0,2,TS12,Erythroid2,0.6
TAAATCGAGTATGC,16,E8.0,2,TS12,Erythroid1,0.6
ATGATATGATTCCT,19,E7.5,2,TS11,Blood progenitors 2,0.2
AGTCAGACCCTCGT,16,E8.0,2,TS12,Blood progenitors 2,0.6
CCTCGAACGGGATG,17,E8.5,2,TS12,Erythroid3,1.0
GAGGGCCTTGCCAA,13,E7.75,2,TS11,Erythroid1,0.4
ATTAACGATACAGC,17,E8.5,2,TS12,Erythroid3,1.0
ATACCGGAATGGTC,33,E8.0,3,TS12,Blood progenitors 1,0.6
CAACCGCTCGCATA,17,E8.5,2,TS12,Erythroid3,1.0
TTGAACCTACGACT,3,E7.5,1,TS11,Blood progenitors 2,0.2
ACGACCCTAAGCCT,16,E8.0,2,TS12,Blood progenitors 2,0.6
ACACCCTGTTGCAG,17,E8.5,2,TS12,Erythroid3,1.0
ACTCAGGACACTAG,37,E8.5,3,TS12,Erythroid3,1.0
TTAGTCACATCGTG,36,E8.5,3,TS12,Erythroid3,1.0
AGAGCGGATTCTCA,17,E8.5,2,TS12,Erythroid3,1.0
CCCTCAGAGTGCTA,16,E8.0,2,TS12,Erythroid2,0.6
ATACGTCTTGTTCT,16,E8.0,2,TS12,Blood progenitors 2,0.6
CTTCTAGACGCAAT,6,E7.5,1,TS11,Blood progenitors 1,0.2
TAGCCCACTGAGGG,34,E8.0,3,TS12,Erythroid1,0.6
TTACGACTAAGATG,9,E7.75,1,TS11,Blood progenitors 2,0.4
GTATTAGACGTAAC,12,E7.75,2,TS11,Erythroid1,0.4
TAAGATACACCAAC,36,E8.5,3,TS12,Erythroid2,1.0
GGCCCAGACCTTGC,16,E8.0,2,TS12,Erythroid1,0.6
TACCGAGAGACAGG,34,E8.0,3,TS12,Blood progenitors 2,0.6
